{
  "fill" : {
    "linear-gradient" : [
      "display-p3:0.19900,0.24906,0.64662,1.00000",
      "srgb:0.00000,0.06683,0.50000,1.00000"
    ]
  },
  "groups" : [
    {
      "blur-material" : 0.5,
      "hidden" : false,
      "layers" : [
        {
          "blend-mode" : "normal",
          "glass" : false,
          "hidden" : false,
          "image-name" : "Risorsa 1@10x.png",
          "name" : "Risorsa 1@10x",
          "position" : {
            "scale" : 0.11,
            "translation-in-points" : [
              0,
              0
            ]
          }
        }
      ],
      "lighting" : "combined",
      "shadow" : {
        "kind" : "neutral",
        "opacity" : 0.5
      },
      "specular" : true,
      "translucency" : {
        "enabled" : true,
        "value" : 0.5
      }
    }
  ],
  "supported-platforms" : {
    "squares" : "shared"
  }
}